A,B,C,D,E,F
800,0,0.3048,71.3,0.00266337,126.201
1000,0,0.3048,71.3,0.00266337,125.201
1250,0,0.3048,71.3,0.00266337,125.951
1600,0,0.3048,71.3,0.00266337,127.591
2000,0,0.3048,71.3,0.00266337,127.461
2500,0,0.3048,71.3,0.00266337,125.571
3150,0,0.3048,71.3,0.00266337,125.201
4000,0,0.3048,71.3,0.00266337,123.061
5000,0,0.3048,71.3,0.00266337,121.301
6300,0,0.3048,71.3,0.00266337,119.541
8000,0,0.3048,71.3,0.00266337,117.151
10000,0,0.3048,71.3,0.00266337,115.391
12500,0,0.3048,71.3,0.00266337,112.241
16000,0,0.3048,71.3,0.00266337,108.721
500,0,0.3048,55.5,0.00283081,126.416
630,0,0.3048,55.5,0.00283081,126.416
800,0,0.3048,55.5,0.00283081,126.416
1000,0,0.3048,55.5,0.00283081,126.416
1250,0,0.3048,55.5,0.00283081,126.416
1600,0,0.3048,55.5,0.00283081,126.416
2000,0,0.3048,55.5,0.00283081,126.416
2500,0,0.3048,55.5,0.00283081,126.416
3150,0,0.3048,55.5,0.00283081,126.416
4000,0,0.3048,55.5,0.00283081,126.416
5000,0,0.3048,55.5,0.00283081,126.416
6300,0,0.3048,55.5,0.00283081,126.416
8000,0,0.3048,55.5,0.00283081,126.416
10000,0,0.3048,55.5,0.00283081,126.416
12500,0,0.3048,55.5,0.00283081,126.416
200,0,0.3048,39.6,0.00310138,126.416
250,0,0.3048,39.6,0.00310138,126.416
315,0,0.3048,39.6,0.00310138,126.416
400,0,0.3048,39.6,0.00310138,126.416
500,0,0.3048,39.6,0.00310138,126.416
630,0,0.3048,39.6,0.00310138,126.416
800,0,0.3048,39.6,0.00310138,126.416
1000,0,0.3048,39.6,0.00310138,126.416
1250,0,0.3048,39.6,0.00310138,126.416
1600,0,0.3048,39.6,0.00310138,126.416
2000,0,0.3048,39.6,0.00310138,126.416
2500,0,0.3048,39.6,0.00310138,126.416
3150,0,0.3048,39.6,0.00310138,126.416
4000,0,0.3048,39.6,0.00310138,126.416
5000,0,0.3048,39.6,0.00310138,126.416
6300,0,0.3048,39.6,0.00310138,126.416
8000,0,0.3048,39.6,0.00310138,126.416
10000,0,0.3048,39.6,0.00310138,126.416
12500,0,0.3048,39.6,0.00310138,126.416
200,0,0.3048,31.7,0.00331266,126.416
250,0,0.3048,31.7,0.00331266,126.416
315,0,0.3048,31.7,0.00331266,126.416
400,0,0.3048,31.7,0.00331266,126.416
500,0,0.3048,31.7,0.00331266,126.416
630,0,0.3048,31.7,0.00331266,126.416
800,0,0.3048,31.7,0.00331266,126.416
1000,0,0.3048,31.7,0.00331266,126.416
1250,0,0.3048,31.7,0.00331266,126.416
1600,0,0.3048,31.7,0.00331266,126.416
2000,0,0.3048,31.7,0.00331266,126.416
2500,0,0.3048,31.7,0.00331266,126.416
3150,0,0.3048,31.7,0.00331266,126.416
4000,0,0.3048,31.7,0.00331266,126.416
5000,0,0.3048,31.7,0.00331266,126.416
6300,0,0.3048,31.7,0.00331266,126.416
8000,0,0.3048,31.7,0.00331266,126.416
10000,0,0.3048,31.7,0.00331266,126.416
800,1.5,0.3048,71.3,0.00336729,126.416
1000,1.5,0.3048,71.3,0.00336729,126.416
1250,1.5,0.3048,71.3,0.00336729,126.416
1600,1.5,0.3048,71.3,0.00336729,126.416
2000,1.5,0.3048,71.3,0.00336729,126.416
2500,1.5,0.3048,71.3,0.00336729,126.416
3150,1.5,0.3048,71.3,0.00336729,126.416
4000,1.5,0.3048,71.3,0.00336729,126.416
5000,1.5,0.3048,71.3,0.00336729,126.416
6300,1.5,0.3048,71.3,0.00336729,126.416
8000,1.5,0.3048,71.3,0.00336729,126.416
10000,1.5,0.3048,71.3,0.00336729,126.416
12500,1.5,0.3048,71.3,0.00336729,126.416
16000,1.5,0.3048,71.3,0.00336729,126.416
315,1.5,0.3048,39.6,0.00392107,126.416
400,1.5,0.3048,39.6,0.00392107,126.416
500,1.5,0.3048,39.6,0.00392107,126.416
630,1.5,0.3048,39.6,0.00392107,126.416
800,1.5,0.3048,39.6,0.00392107,126.416
1000,1.5,0.3048,39.6,0.00392107,126.416
1250,1.5,0.3048,39.6,0.00392107,126.416
1600,1.5,0.3048,39.6,0.00392107,126.416
2000,1.5,0.3048,39.6,0.00392107,126.416
2500,1.5,0.3048,39.6,0.00392107,126.416
3150,1.5,0.3048,39.6,0.00392107,126.416
4000,1.5,0.3048,39.6,0.00392107,126.416
5000,1.5,0.3048,39.6,0.00392107,126.416
6300,1.5,0.3048,39.6,0.00392107,126.416
8000,1.5,0.3048,39.6,0.00392107,126.416
10000,1.5,0.3048,39.6,0.00392107,126.416
12500,1.5,0.3048,39.6,0.00392107,126.416
400,3,0.3048,71.3,0.00425727,126.416
500,3,0.3048,71.3,0.00425727,126.416
630,3,0.3048,71.3,0.00425727,126.416
800,3,0.3048,71.3,0.00425727,126.416
1000,3,0.3048,71.3,0.00425727,126.416
1250,3,0.3048,71.3,0.00425727,126.416
1600,3,0.3048,71.3,0.00425727,126.416
2000,3,0.3048,71.3,0.00425727,126.416
2500,3,0.3048,71.3,0.00425727,126.416
3150,3,0.3048,71.3,0.00425727,126.416
4000,3,0.3048,71.3,0.00425727,126.416
5000,3,0.3048,71.3,0.00425727,126.416
6300,3,0.3048,71.3,0.00425727,126.416
8000,3,0.3048,71.3,0.00425727,126.416
10000,3,0.3048,71.3,0.00425727,126.416
400,3,0.3048,55.5,0.00452492,126.416
500,3,0.3048,55.5,0.00452492,126.416
630,3,0.3048,55.5,0.00452492,126.416
800,3,0.3048,55.5,0.00452492,126.416
1000,3,0.3048,55.5,0.00452492,126.416
1250,3,0.3048,55.5,0.00452492,126.416
1600,3,0.3048,55.5,0.00452492,126.416
2000,3,0.3048,55.5,0.00452492,126.416
2500,3,0.3048,55.5,0.00452492,126.416
3150,3,0.3048,55.5,0.00452492,126.416
4000,3,0.3048,55.5,0.00452492,126.416
5000,3,0.3048,55.5,0.00452492,126.416
6300,3,0.3048,55.5,0.00452492,126.416
8000,3,0.3048,55.5,0.00452492,126.416
10000,3,0.3048,55.5,0.00452492,126.416
315,3,0.3048,39.6,0.00495741,126.416
400,3,0.3048,39.6,0.00495741,126.416
500,3,0.3048,39.6,0.00495741,126.416
630,3,0.3048,39.6,0.00495741,126.416
800,3,0.3048,39.6,0.00495741,126.416
1000,3,0.3048,39.6,0.00495741,126.416
1250,3,0.3048,39.6,0.00495741,126.416
1600,3,0.3048,39.6,0.00495741,126.416
2000,3,0.3048,39.6,0.00495741,126.416
2500,3,0.3048,39.6,0.00495741,126.416
3150,3,0.3048,39.6,0.00495741,126.416
4000,3,0.3048,39.6,0.00495741,126.416
5000,3,0.3048,39.6,0.00495741,126.416
6300,3,0.3048,39.6,0.00495741,126.416
8000,3,0.3048,39.6,0.00495741,126.416
315,3,0.3048,31.7,0.00529514,126.416
400,3,0.3048,31.7,0.00529514,126.416
500,3,0.3048,31.7,0.00529514,126.416
630,3,0.3048,31.7,0.00529514,126.416
800,3,0.3048,31.7,0.00529514,126.416
1000,3,0.3048,31.7,0.00529514,126.416
1250,3,0.3048,31.7,0.00529514,126.416
1600,3,0.3048,31.7,0.00529514,126.416
2000,3,0.3048,31.7,0.00529514,126.416
2500,3,0.3048,31.7,0.00529514,126.416
3150,3,0.3048,31.7,0.00529514,126.416
4000,3,0.3048,31.7,0.00529514,126.416
5000,3,0.3048,31.7,0.00529514,126.416
6300,3,0.3048,31.7,0.00529514,126.416
250,4,0.3048,71.3,0.00497773,126.416
315,4,0.3048,71.3,0.00497773,126.416
400,4,0.3048,71.3,0.00497773,126.416
500,4,0.3048,71.3,0.00497773,126.416
630,4,0.3048,71.3,0.00497773,126.416
800,4,0.3048,71.3,0.00497773,126.416
1000,4,0.3048,71.3,0.00497773,126.416
1250,4,0.3048,71.3,0.00497773,126.416
1600,4,0.3048,71.3,0.00497773,126.416
2000,4,0.3048,71.3,0.00497773,126.416
2500,4,0.3048,71.3,0.00497773,126.416
3150,4,0.3048,71.3,0.00497773,126.416
4000,4,0.3048,71.3,0.00497773,126.416
5000,4,0.3048,71.3,0.00497773,126.416
6300,4,0.3048,71.3,0.00497773,126.416
8000,4,0.3048,71.3,0.00497773,126.416
10000,4,0.3048,71.3,0.00497773,126.416
12500,4,0.3048,71.3,0.00497773,126.416
250,4,0.3048,39.6,0.00579636,126.416
315,4,0.3048,39.6,0.00579636,126.416
400,4,0.3048,39.6,0.00579636,126.416
500,4,0.3048,39.6,0.00579636,126.416
630,4,0.3048,39.6,0.00579636,126.416
800,4,0.3048,39.6,0.00579636,126.416
1000,4,0.3048,39.6,0.00579636,126.416
1250,4,0.3048,39.6,0.00579636,126.416
1600,4,0.3048,39.6,0.00579636,126.416
2000,4,0.3048,39.6,0.00579636,126.416
2500,4,0.3048,39.6,0.00579636,126.416
3150,4,0.3048,39.6,0.00579636,126.416
4000,4,0.3048,39.6,0.00579636,126.416
5000,4,0.3048,39.6,0.00579636,126.416
1250,0,0.2286,71.3,0.00214345,126.416
1600,0,0.2286,71.3,0.00214345,126.416
2000,0,0.2286,71.3,0.00214345,126.416
2500,0,0.2286,71.3,0.00214345,126.416
3150,0,0.2286,71.3,0.00214345,126.416
4000,0,0.2286,71.3,0.00214345,126.416
5000,0,0.2286,71.3,0.00214345,126.416
6300,0,0.2286,71.3,0.00214345,126.416
8000,0,0.2286,71.3,0.00214345,126.416
10000,0,0.2286,71.3,0.00214345,126.416
12500,0,0.2286,71.3,0.00214345,126.416
16000,0,0.2286,71.3,0.00214345,126.416
20000,0,0.2286,71.3,0.00214345,126.416
315,0,0.2286,55.5,0.00229336,126.416
400,0,0.2286,55.5,0.00229336,126.416
500,0,0.2286,55.5,0.00229336,126.416
630,0,0.2286,55.5,0.00229336,126.416
800,0,0.2286,55.5,0.00229336,126.416
1000,0,0.2286,55.5,0.00229336,126.416
1250,0,0.2286,55.5,0.00229336,126.416
1600,0,0.2286,55.5,0.00229336,126.416
2000,0,0.2286,55.5,0.00229336,126.416
2500,0,0.2286,55.5,0.00229336,126.416
3150,0,0.2286,55.5,0.00229336,126.416
4000,0,0.2286,55.5,0.00229336,126.416
5000,0,0.2286,55.5,0.00229336,126.416
6300,0,0.2286,55.5,0.00229336,126.416
315,0,0.2286,39.6,0.00253511,126.416
400,0,0.2286,39.6,0.00253511,126.416
500,0,0.2286,39.6,0.00253511,126.416
630,0,0.2286,39.6,0.00253511,126.416
800,0,0.2286,39.6,0.00253511,126.416
1000,0,0.2286,39.6,0.00253511,126.416
1250,0,0.2286,39.6,0.00253511,126.416
1600,0,0.2286,39.6,0.00253511,126.416
2000,0,0.2286,39.6,0.00253511,126.416
2500,0,0.2286,39.6,0.00253511,126.416
3150,0,0.2286,39.6,0.00253511,126.416
4000,0,0.2286,39.6,0.00253511,126.416
5000,0,0.2286,39.6,0.00253511,126.416
6300,0,0.2286,39.6,0.00253511,126.416
315,0,0.2286,31.7,0.0027238,126.416
400,0,0.2286,31.7,0.0027238,126.416
500,0,0.2286,31.7,0.0027238,126.416
630,0,0.2286,31.7,0.0027238,126.416
800,0,0.2286,31.7,0.0027238,126.416
1000,0,0.2286,31.7,0.0027238,126.416
1250,0,0.2286,31.7,0.0027238,126.416
1600,0,0.2286,31.7,0.0027238,126.416
2000,0,0.2286,31.7,0.0027238,126.416
2500,0,0.2286,31.7,0.0027238,126.416
3150,0,0.2286,31.7,0.0027238,126.416
4000,0,0.2286,31.7,0.0027238,126.416
5000,0,0.2286,31.7,0.0027238,126.416
6300,0,0.2286,31.7,0.0027238,126.416
400,2,0.2286,71.3,0.00293031,126.416
500,2,0.2286,71.3,0.00293031,126.416
630,2,0.2286,71.3,0.00293031,126.416
800,2,0.2286,71.3,0.00293031,126.416
1000,2,0.2286,71.3,0.00293031,126.416
1250,2,0.2286,71.3,0.00293031,126.416
1600,2,0.2286,71.3,0.00293031,126.416
2000,2,0.2286,71.3,0.00293031,126.416
2500,2,0.2286,71.3,0.00293031,126.416
3150,2,0.2286,71.3,0.00293031,126.416
4000,2,0.2286,71.3,0.00293031,126.416
5000,2,0.2286,71.3,0.00293031,126.416
6300,2,0.2286,71.3,0.00293031,126.416
8000,2,0.2286,71.3,0.00293031,126.416
10000,2,0.2286,71.3,0.00293031,126.416
400,2,0.2286,55.5,0.00313525,126.416
500,2,0.2286,55.5,0.00313525,126.416
630,2,0.2286,55.5,0.00313525,126.416
800,2,0.2286,55.5,0.00313525,126.416
1000,2,0.2286,55.5,0.00313525,126.416
1250,2,0.2286,55.5,0.00313525,126.416
1600,2,0.2286,55.5,0.00313525,126.416
2000,2,0.2286,55.5,0.00313525,126.416
2500,2,0.2286,55.5,0.00313525,126.416
3150,2,0.2286,55.5,0.00313525,126.416
4000,2,0.2286,55.5,0.00313525,126.416
5000,2,0.2286,55.5,0.00313525,126.416
6300,2,0.2286,55.5,0.00313525,126.416
315,2,0.2286,39.6,0.00346574,126.416
400,2,0.2286,39.6,0.00346574,126.416
500,2,0.2286,39.6,0.00346574,126.416
630,2,0.2286,39.6,0.00346574,126.416
800,2,0.2286,39.6,0.00346574,126.416
1000,2,0.2286,39.6,0.00346574,126.416
1250,2,0.2286,39.6,0.00346574,126.416
1600,2,0.2286,39.6,0.00346574,126.416
2000,2,0.2286,39.6,0.00346574,126.416
2500,2,0.2286,39.6,0.00346574,126.416
3150,2,0.2286,39.6,0.00346574,126.416
4000,2,0.2286,39.6,0.00346574,126.416
5000,2,0.2286,39.6,0.00346574,126.416
6300,2,0.2286,39.6,0.00346574,126.416
315,2,0.2286,31.7,0.00372371,126.416
400,2,0.2286,31.7,0.00372371,126.416
500,2,0.2286,31.7,0.00372371,126.416
630,2,0.2286,31.7,0.00372371,126.416
800,2,0.2286,31.7,0.00372371,126.416
1000,2,0.2286,31.7,0.00372371,126.416
1250,2,0.2286,31.7,0.00372371,126.416
1600,2,0.2286,31.7,0.00372371,126.416
2000,2,0.2286,31.7,0.00372371,126.416
2500,2,0.2286,31.7,0.00372371,126.416
3150,2,0.2286,31.7,0.00372371,126.416
4000,2,0.2286,31.7,0.00372371,126.416
5000,2,0.2286,31.7,0.00372371,126.416
6300,2,0.2286,31.7,0.00372371,126.416
500,4,0.2286,71.3,0.00400603,126.416
630,4,0.2286,71.3,0.00400603,126.416
800,4,0.2286,71.3,0.00400603,126.416
1000,4,0.2286,71.3,0.00400603,126.416
1250,4,0.2286,71.3,0.00400603,126.416
1600,4,0.2286,71.3,0.00400603,126.416
2000,4,0.2286,71.3,0.00400603,126.416
2500,4,0.2286,71.3,0.00400603,126.416
3150,4,0.2286,71.3,0.00400603,126.416
4000,4,0.2286,71.3,0.00400603,126.416
5000,4,0.2286,71.3,0.00400603,126.416
6300,4,0.2286,71.3,0.00400603,126.416
8000,4,0.2286,71.3,0.00400603,126.416
10000,4,0.2286,71.3,0.00400603,126.416
12500,4,0.2286,71.3,0.00400603,126.416
16000,4,0.2286,71.3,0.00400603,126.416
20000,4,0.2286,71.3,0.00400603,126.416
400,4,0.2286,55.5,0.0042862,126.416
500,4,0.2286,55.5,0.0042862,126.416
630,4,0.2286,55.5,0.0042862,126.416
800,4,0.2286,55.5,0.0042862,126.416
1000,4,0.2286,55.5,0.0042862,126.416
1250,4,0.2286,55.5,0.0042862,126.416
1600,4,0.2286,55.5,0.0042862,126.416
2000,4,0.2286,55.5,0.0042862,126.416
2500,4,0.2286,55.5,0.0042862,126.416
3150,4,0.2286,55.5,0.0042862,126.416
4000,4,0.2286,55.5,0.0042862,126.416
5000,4,0.2286,55.5,0.0042862,126.416
6300,4,0.2286,55.5,0.0042862,126.416
8000,4,0.2286,55.5,0.0042862,126.416
315,4,0.2286,39.6,0.00473801,126.416
400,4,0.2286,39.6,0.00473801,126.416
500,4,0.2286,39.6,0.00473801,126.416
630,4,0.2286,39.6,0.00473801,126.416
800,4,0.2286,39.6,0.00473801,126.416
1000,4,0.2286,39.6,0.00473801,126.416
1250,4,0.2286,39.6,0.00473801,126.416
1600,4,0.2286,39.6,0.00473801,126.416
2000,4,0.2286,39.6,0.00473801,126.416
2500,4,0.2286,39.6,0.00473801,126.416
3150,4,0.2286,39.6,0.00473801,126.416
4000,4,0.2286,39.6,0.00473801,126.416
5000,4,0.2286,39.6,0.00473801,126.416
6300,4,0.2286,39.6,0.00473801,126.416
8000,4,0.2286,39.6,0.00473801,126.416
250,4,0.2286,31.7,0.00509068,126.416
315,4,0.2286,31.7,0.00509068,126.416
400,4,0.2286,31.7,0.00509068,126.416
500,4,0.2286,31.7,0.00509068,126.416
630,4,0.2286,31.7,0.00509068,126.416
800,4,0.2286,31.7,0.00509068,126.416
1000,4,0.2286,31.7,0.00509068,126.416
1250,4,0.2286,31.7,0.00509068,126.416
1600,4,0.2286,31.7,0.00509068,126.416
2000,4,0.2286,31.7,0.00509068,126.416
2500,4,0.2286,31.7,0.00509068,126.416
3150,4,0.2286,31.7,0.00509068,126.416
4000,4,0.2286,31.7,0.00509068,126.416
5000,4,0.2286,31.7,0.00509068,126.416
6300,4,0.2286,31.7,0.00509068,126.416
400,5.3,0.2286,71.3,0.0051942,126.416
500,5.3,0.2286,71.3,0.0051942,126.416
630,5.3,0.2286,71.3,0.0051942,126.416
800,5.3,0.2286,71.3,0.0051942,126.416
1000,5.3,0.2286,71.3,0.0051942,126.416
1250,5.3,0.2286,71.3,0.0051942,126.416
1600,5.3,0.2286,71.3,0.0051942,126.416
2000,5.3,0.2286,71.3,0.0051942,126.416
2500,5.3,0.2286,71.3,0.0051942,126.416
3150,5.3,0.2286,71.3,0.0051942,126.416
4000,5.3,0.2286,71.3,0.0051942,126.416
5000,5.3,0.2286,71.3,0.0051942,126.416
6300,5.3,0.2286,71.3,0.0051942,126.416
8000,5.3,0.2286,71.3,0.0051942,126.416
10000,5.3,0.2286,71.3,0.0051942,126.416
250,5.3,0.2286,39.6,0.00614329,126.416
315,5.3,0.2286,39.6,0.00614329,126.416
400,5.3,0.2286,39.6,0.00614329,126.416
500,5.3,0.2286,39.6,0.00614329,126.416
630,5.3,0.2286,39.6,0.00614329,126.416
800,5.3,0.2286,39.6,0.00614329,126.416
1000,5.3,0.2286,39.6,0.00614329,126.416
1250,5.3,0.2286,39.6,0.00614329,126.416
1600,5.3,0.2286,39.6,0.00614329,126.416
2000,5.3,0.2286,39.6,0.00614329,126.416
2500,5.3,0.2286,39.6,0.00614329,126.416
3150,5.3,0.2286,39.6,0.00614329,126.416
4000,5.3,0.2286,39.6,0.00614329,126.416
5000,5.3,0.2286,39.6,0.00614329,126.416
6300,5.3,0.2286,39.6,0.00614329,126.416
200,7.3,0.2286,71.3,0.0104404,126.416
250,7.3,0.2286,71.3,0.0104404,126.416
315,7.3,0.2286,71.3,0.0104404,126.416
400,7.3,0.2286,71.3,0.0104404,126.416
500,7.3,0.2286,71.3,0.0104404,126.416
630,7.3,0.2286,71.3,0.0104404,126.416
800,7.3,0.2286,71.3,0.0104404,126.416
1000,7.3,0.2286,71.3,0.0104404,126.416
1250,7.3,0.2286,71.3,0.0104404,126.416
1600,7.3,0.2286,71.3,0.0104404,126.416
2000,7.3,0.2286,71.3,0.0104404,126.416
2500,7.3,0.2286,71.3,0.0104404,126.416
3150,7.3,0.2286,71.3,0.0104404,126.416
4000,7.3,0.2286,71.3,0.0104404,126.416
5000,7.3,0.2286,71.3,0.0104404,126.416
6300,7.3,0.2286,71.3,0.0104404,126.416
200,7.3,0.2286,55.5,0.0111706,126.416
250,7.3,0.2286,55.5,0.0111706,126.416
315,7.3,0.2286,55.5,0.0111706,126.416
400,7.3,0.2286,55.5,0.0111706,126.416
500,7.3,0.2286,55.5,0.0111706,126.416
630,7.3,0.2286,55.5,0.0111706,126.416
800,7.3,0.2286,55.5,0.0111706,126.416
1000,7.3,0.2286,55.5,0.0111706,126.416
1250,7.3,0.2286,55.5,0.0111706,126.416
1600,7.3,0.2286,55.5,0.0111706,126.416
2000,7.3,0.2286,55.5,0.0111706,126.416
2500,7.3,0.2286,55.5,0.0111706,126.416
3150,7.3,0.2286,55.5,0.0111706,126.416
4000,7.3,0.2286,55.5,0.0111706,126.416
5000,7.3,0.2286,55.5,0.0111706,126.416
6300,7.3,0.2286,55.5,0.0111706,126.416
200,7.3,0.2286,39.6,0.0123481,126.416
250,7.3,0.2286,39.6,0.0123481,126.416
315,7.3,0.2286,39.6,0.0123481,126.416
400,7.3,0.2286,39.6,0.0123481,126.416
500,7.3,0.2286,39.6,0.0123481,126.416
630,7.3,0.2286,39.6,0.0123481,126.416
800,7.3,0.2286,39.6,0.0123481,126.416
1000,7.3,0.2286,39.6,0.0123481,126.416
1250,7.3,0.2286,39.6,0.0123481,126.416
1600,7.3,0.2286,39.6,0.0123481,126.416
2000,7.3,0.2286,39.6,0.0123481,126.416
2500,7.3,0.2286,39.6,0.0123481,126.416
3150,7.3,0.2286,39.6,0.0123481,126.416
4000,7.3,0.2286,39.6,0.0123481,126.416
5000,7.3,0.2286,39.6,0.0123481,126.416
6300,7.3,0.2286,39.6,0.0123481,126.416
200,7.3,0.2286,31.7,0.0132672,126.416
250,7.3,0.2286,31.7,0.0132672,126.416
315,7.3,0.2286,31.7,0.0132672,126.416
400,7.3,0.2286,31.7,0.0132672,126.416
500,7.3,0.2286,31.7,0.0132672,126.416
630,7.3,0.2286,31.7,0.0132672,126.416
800,7.3,0.2286,31.7,0.0132672,126.416
1000,7.3,0.2286,31.7,0.0132672,126.416
1250,7.3,0.2286,31.7,0.0132672,126.416
1600,7.3,0.2286,31.7,0.0132672,126.416
2000,7.3,0.2286,31.7,0.0132672,126.416
2500,7.3,0.2286,31.7,0.0132672,126.416
3150,7.3,0.2286,31.7,0.0132672,126.416
4000,7.3,0.2286,31.7,0.0132672,126.416
5000,7.3,0.2286,31.7,0.0132672,126.416
6300,7.3,0.2286,31.7,0.0132672,126.416
800,0,0.1524,71.3,0.0015988,126.416
1000,0,0.1524,71.3,0.0015988,126.416
1250,0,0.1524,71.3,0.0015988,126.416
1600,0,0.1524,71.3,0.0015988,126.416
2000,0,0.1524,71.3,0.0015988,126.416
2500,0,0.1524,71.3,0.0015988,126.416
3150,0,0.1524,71.3,0.0015988,126.416
4000,0,0.1524,71.3,0.0015988,126.416
5000,0,0.1524,71.3,0.0015988,126.416
6300,0,0.1524,71.3,0.0015988,126.416
8000,0,0.1524,71.3,0.0015988,126.416
10000,0,0.1524,71.3,0.0015988,126.416
12500,0,0.1524,71.3,0.0015988,126.416
16000,0,0.1524,71.3,0.0015988,126.416
500,0,0.1524,55.5,0.00172668,126.416
630,0,0.1524,55.5,0.00172668,126.416
800,0,0.1524,55.5,0.00172668,126.416
1000,0,0.1524,55.5,0.00172668,126.416
1250,0,0.1524,55.5,0.00172668,126.416
1600,0,0.1524,55.5,0.00172668,126.416
2000,0,0.1524,55.5,0.00172668,126.416
2500,0,0.1524,55.5,0.00172668,126.416
3150,0,0.1524,55.5,0.00172668,126.416
4000,0,0.1524,55.5,0.00172668,126.416
5000,0,0.1524,55.5,0.00172668,126.416
6300,0,0.1524,55.5,0.00172668,126.416
8000,0,0.1524,55.5,0.00172668,126.416
10000,0,0.1524,55.5,0.00172668,126.416
12500,0,0.1524,55.5,0.00172668,126.416
16000,0,0.1524,55.5,0.00172668,126.416
500,0,0.1524,39.6,0.00193287,126.416
630,0,0.1524,39.6,0.00193287,126.416
800,0,0.1524,39.6,0.00193287,126.416
1000,0,0.1524,39.6,0.00193287,126.416
1250,0,0.1524,39.6,0.00193287,126.416
1600,0,0.1524,39.6,0.00193287,126.416
2000,0,0.1524,39.6,0.00193287,126.416
2500,0,0.1524,39.6,0.00193287,126.416
3150,0,0.1524,39.6,0.00193287,126.416
4000,0,0.1524,39.6,0.00193287,126.416
5000,0,0.1524,39.6,0.00193287,126.416
6300,0,0.1524,39.6,0.00193287,126.416
8000,0,0.1524,39.6,0.00193287,126.416
10000,0,0.1524,39.6,0.00193287,126.416
500,0,0.1524,31.7,0.00209405,126.416
630,0,0.1524,31.7,0.00209405,126.416
800,0,0.1524,31.7,0.00209405,126.416
1000,0,0.1524,31.7,0.00209405,126.416
1250,0,0.1524,31.7,0.00209405,126.416
1600,0,0.1524,31.7,0.00209405,126.416
2000,0,0.1524,31.7,0.00209405,126.416
2500,0,0.1524,31.7,0.00209405,126.416
3150,0,0.1524,31.7,0.00209405,126.416
4000,0,0.1524,31.7,0.00209405,126.416
5000,0,0.1524,31.7,0.00209405,126.416
6300,0,0.1524,31.7,0.00209405,126.416
8000,0,0.1524,31.7,0.00209405,126.416
630,2.7,0.1524,71.3,0.00243851,126.416
800,2.7,0.1524,71.3,0.00243851,126.416
1000,2.7,0.1524,71.3,0.00243851,126.416
1250,2.7,0.1524,71.3,0.00243851,126.416
1600,2.7,0.1524,71.3,0.00243851,126.416
2000,2.7,0.1524,71.3,0.00243851,126.416
2500,2.7,0.1524,71.3,0.00243851,126.416
3150,2.7,0.1524,71.3,0.00243851,126.416
4000,2.7,0.1524,71.3,0.00243851,126.416
5000,2.7,0.1524,71.3,0.00243851,126.416
6300,2.7,0.1524,71.3,0.00243851,126.416
8000,2.7,0.1524,71.3,0.00243851,126.416
10000,2.7,0.1524,71.3,0.00243851,126.416
12500,2.7,0.1524,71.3,0.00243851,126.416
16000,2.7,0.1524,71.3,0.00243851,126.416
500,2.7,0.1524,39.6,0.00294804,126.416
630,2.7,0.1524,39.6,0.00294804,126.416
800,2.7,0.1524,39.6,0.00294804,126.416
1000,2.7,0.1524,39.6,0.00294804,126.416
1250,2.7,0.1524,39.6,0.00294804,126.416
1600,2.7,0.1524,39.6,0.00294804,126.416
2000,2.7,0.1524,39.6,0.00294804,126.416
2500,2.7,0.1524,39.6,0.00294804,126.416
3150,2.7,0.1524,39.6,0.00294804,126.416
4000,2.7,0.1524,39.6,0.00294804,126.416
5000,2.7,0.1524,39.6,0.00294804,126.416
6300,2.7,0.1524,39.6,0.00294804,126.416
8000,2.7,0.1524,39.6,0.00294804,126.416
10000,2.7,0.1524,39.6,0.00294804,126.416
12500,2.7,0.1524,39.6,0.00294804,126.416
400,5.4,0.1524,71.3,0.00401199,126.416
500,5.4,0.1524,71.3,0.00401199,126.416
630,5.4,0.1524,71.3,0.00401199,126.416
800,5.4,0.1524,71.3,0.00401199,126.416
1000,5.4,0.1524,71.3,0.00401199,126.416
1250,5.4,0.1524,71.3,0.00401199,126.416
1600,5.4,0.1524,71.3,0.00401199,126.416
2000,5.4,0.1524,71.3,0.00401199,126.416
2500,5.4,0.1524,71.3,0.00401199,126.416
3150,5.4,0.1524,71.3,0.00401199,126.416
4000,5.4,0.1524,71.3,0.00401199,126.416
5000,5.4,0.1524,71.3,0.00401199,126.416
6300,5.4,0.1524,71.3,0.00401199,126.416
400,5.4,0.1524,55.5,0.00433288,126.416
500,5.4,0.1524,55.5,0.00433288,126.416
630,5.4,0.1524,55.5,0.00433288,126.416
800,5.4,0.1524,55.5,0.00433288,126.416
1000,5.4,0.1524,55.5,0.00433288,126.416
1250,5.4,0.1524,55.5,0.00433288,126.416
1600,5.4,0.1524,55.5,0.00433288,126.416
2000,5.4,0.1524,55.5,0.00433288,126.416
2500,5.4,0.1524,55.5,0.00433288,126.416
3150,5.4,0.1524,55.5,0.00433288,126.416
4000,5.4,0.1524,55.5,0.00433288,126.416
5000,5.4,0.1524,55.5,0.00433288,126.416
6300,5.4,0.1524,55.5,0.00433288,126.416
8000,5.4,0.1524,55.5,0.00433288,126.416
315,5.4,0.1524,39.6,0.00485029,126.416
400,5.4,0.1524,39.6,0.00485029,126.416
500,5.4,0.1524,39.6,0.00485029,126.416
630,5.4,0.1524,39.6,0.00485029,126.416
800,5.4,0.1524,39.6,0.00485029,126.416
1000,5.4,0.1524,39.6,0.00485029,126.416
1250,5.4,0.1524,39.6,0.00485029,126.416
1600,5.4,0.1524,39.6,0.00485029,126.416
2000,5.4,0.1524,39.6,0.00485029,126.416
2500,5.4,0.1524,39.6,0.00485029,126.416
3150,5.4,0.1524,39.6,0.00485029,126.416
4000,5.4,0.1524,39.6,0.00485029,126.416
5000,5.4,0.1524,39.6,0.00485029,126.416
6300,5.4,0.1524,39.6,0.00485029,126.416
315,5.4,0.1524,31.7,0.00525474,126.416
400,5.4,0.1524,31.7,0.00525474,126.416
500,5.4,0.1524,31.7,0.00525474,126.416
630,5.4,0.1524,31.7,0.00525474,126.416
800,5.4,0.1524,31.7,0.00525474,126.416
1000,5.4,0.1524,31.7,0.00525474,126.416
1250,5.4,0.1524,31.7,0.00525474,126.416
1600,5.4,0.1524,31.7,0.00525474,126.416
2000,5.4,0.1524,31.7,0.00525474,126.416
2500,5.4,0.1524,31.7,0.00525474,126.416
3150,5.4,0.1524,31.7,0.00525474,126.416
4000,5.4,0.1524,31.7,0.00525474,126.416
5000,5.4,0.1524,31.7,0.00525474,126.416
6300,5.4,0.1524,31.7,0.00525474,126.416
315,7.2,0.1524,71.3,0.00752039,126.416
400,7.2,0.1524,71.3,0.00752039,126.416
500,7.2,0.1524,71.3,0.00752039,126.416
630,7.2,0.1524,71.3,0.00752039,126.416
800,7.2,0.1524,71.3,0.00752039,126.416
1000,7.2,0.1524,71.3,0.00752039,126.416
1250,7.2,0.1524,71.3,0.00752039,126.416
1600,7.2,0.1524,71.3,0.00752039,126.416
2000,7.2,0.1524,71.3,0.00752039,126.416
2500,7.2,0.1524,71.3,0.00752039,126.416
3150,7.2,0.1524,71.3,0.00752039,126.416
4000,7.2,0.1524,71.3,0.00752039,126.416
5000,7.2,0.1524,71.3,0.00752039,126.416
6300,7.2,0.1524,71.3,0.00752039,126.416
8000,7.2,0.1524,71.3,0.00752039,126.416
10000,7.2,0.1524,71.3,0.00752039,126.416
250,7.2,0.1524,39.6,0.00909175,126.416
315,7.2,0.1524,39.6,0.00909175,126.416
400,7.2,0.1524,39.6,0.00909175,126.416
500,7.2,0.1524,39.6,0.00909175,126.416
630,7.2,0.1524,39.6,0.00909175,126.416
800,7.2,0.1524,39.6,0.00909175,126.416
1000,7.2,0.1524,39.6,0.00909175,126.416
1250,7.2,0.1524,39.6,0.00909175,126.416
1600,7.2,0.1524,39.6,0.00909175,126.416
2000,7.2,0.1524,39.6,0.00909175,126.416
2500,7.2,0.1524,39.6,0.00909175,126.416
3150,7.2,0.1524,39.6,0.00909175,126.416
4000,7.2,0.1524,39.6,0.00909175,126.416
5000,7.2,0.1524,39.6,0.00909175,126.416
6300,7.2,0.1524,39.6,0.00909175,126.416
8000,7.2,0.1524,39.6,0.00909175,126.416
10000,7.2,0.1524,39.6,0.00909175,126.416
200,9.9,0.1524,71.3,0.0193001,126.416
250,9.9,0.1524,71.3,0.0193001,126.416
315,9.9,0.1524,71.3,0.0193001,126.416
400,9.9,0.1524,71.3,0.0193001,126.416
500,9.9,0.1524,71.3,0.0193001,126.416
630,9.9,0.1524,71.3,0.0193001,126.416
800,9.9,0.1524,71.3,0.0193001,126.416
1000,9.9,0.1524,71.3,0.0193001,126.416
1250,9.9,0.1524,71.3,0.0193001,126.416
1600,9.9,0.1524,71.3,0.0193001,126.416
2000,9.9,0.1524,71.3,0.0193001,126.416
2500,9.9,0.1524,71.3,0.0193001,126.416
3150,9.9,0.1524,71.3,0.0193001,126.416
4000,9.9,0.1524,71.3,0.0193001,126.416
5000,9.9,0.1524,71.3,0.0193001,126.416
6300,9.9,0.1524,71.3,0.0193001,126.416
200,9.9,0.1524,55.5,0.0208438,126.416
250,9.9,0.1524,55.5,0.0208438,126.416
315,9.9,0.1524,55.5,0.0208438,126.416
400,9.9,0.1524,55.5,0.0208438,126.416
500,9.9,0.1524,55.5,0.0208438,126.416
630,9.9,0.1524,55.5,0.0208438,126.416
800,9.9,0.1524,55.5,0.0208438,126.416
1000,9.9,0.1524,55.5,0.0208438,126.416
1250,9.9,0.1524,55.5,0.0208438,126.416
1600,9.9,0.1524,55.5,0.0208438,126.416
2000,9.9,0.1524,55.5,0.0208438,126.416
2500,9.9,0.1524,55.5,0.0208438,126.416
3150,9.9,0.1524,55.5,0.0208438,126.416
4000,9.9,0.1524,55.5,0.0208438,126.416
5000,9.9,0.1524,55.5,0.0208438,126.416
6300,9.9,0.1524,55.5,0.0208438,126.416
200,9.9,0.1524,39.6,0.0233328,126.416
250,9.9,0.1524,39.6,0.0233328,126.416
315,9.9,0.1524,39.6,0.0233328,126.416
400,9.9,0.1524,39.6,0.0233328,126.416
500,9.9,0.1524,39.6,0.0233328,126.416
630,9.9,0.1524,39.6,0.0233328,126.416
800,9.9,0.1524,39.6,0.0233328,126.416
1000,9.9,0.1524,39.6,0.0233328,126.416
1250,9.9,0.1524,39.6,0.0233328,126.416
1600,9.9,0.1524,39.6,0.0233328,126.416
2000,9.9,0.1524,39.6,0.0233328,126.416
2500,9.9,0.1524,39.6,0.0233328,126.416
3150,9.9,0.1524,39.6,0.0233328,126.416
4000,9.9,0.1524,39.6,0.0233328,126.416
5000,9.9,0.1524,39.6,0.0233328,126.416
6300,9.9,0.1524,39.6,0.0233328,126.416
200,9.9,0.1524,31.7,0.0252785,126.416
250,9.9,0.1524,31.7,0.0252785,126.416
315,9.9,0.1524,31.7,0.0252785,126.416
400,9.9,0.1524,31.7,0.0252785,126.416
500,9.9,0.1524,31.7,0.0252785,126.416
630,9.9,0.1524,31.7,0.0252785,126.416
800,9.9,0.1524,31.7,0.0252785,126.416
1000,9.9,0.1524,31.7,0.0252785,126.416
1250,9.9,0.1524,31.7,0.0252785,126.416
1600,9.9,0.1524,31.7,0.0252785,126.416
2000,9.9,0.1524,31.7,0.0252785,126.416
2500,9.9,0.1524,31.7,0.0252785,126.416
3150,9.9,0.1524,31.7,0.0252785,126.416
4000,9.9,0.1524,31.7,0.0252785,126.416
5000,9.9,0.1524,31.7,0.0252785,126.416
6300,9.9,0.1524,31.7,0.0252785,126.416
200,12.6,0.1524,71.3,0.0483159,126.416
250,12.6,0.1524,71.3,0.0483159,126.416
315,12.6,0.1524,71.3,0.0483159,126.416
400,12.6,0.1524,71.3,0.0483159,126.416
500,12.6,0.1524,71.3,0.0483159,126.416
630,12.6,0.1524,71.3,0.0483159,126.416
800,12.6,0.1524,71.3,0.0483159,126.416
1000,12.6,0.1524,71.3,0.0483159,126.416
1250,12.6,0.1524,71.3,0.0483159,126.416
1600,12.6,0.1524,71.3,0.0483159,126.416
2000,12.6,0.1524,71.3,0.0483159,126.416
2500,12.6,0.1524,71.3,0.0483159,126.416
3150,12.6,0.1524,71.3,0.0483159,126.416
4000,12.6,0.1524,71.3,0.0483159,126.416
5000,12.6,0.1524,71.3,0.0483159,126.416
6300,12.6,0.1524,71.3,0.0483159,126.416
200,12.6,0.1524,39.6,0.0584113,126.416
250,12.6,0.1524,39.6,0.0584113,126.416
315,12.6,0.1524,39.6,0.0584113,126.416
400,12.6,0.1524,39.6,0.0584113,126.416
500,12.6,0.1524,39.6,0.0584113,126.416
630,12.6,0.1524,39.6,0.0584113,126.416
800,12.6,0.1524,39.6,0.0584113,126.416
1000,12.6,0.1524,39.6,0.0584113,126.416
1250,12.6,0.1524,39.6,0.0584113,126.416
1600,12.6,0.1524,39.6,0.0584113,126.416
2000,12.6,0.1524,39.6,0.0584113,126.416
2500,12.6,0.1524,39.6,0.0584113,126.416
3150,12.6,0.1524,39.6,0.0584113,126.416
4000,12.6,0.1524,39.6,0.0584113,126.416
5000,12.6,0.1524,39.6,0.0584113,126.416
6300,12.6,0.1524,39.6,0.0584113,126.416
800,0,0.0508,71.3,0.000740478,126.416
1000,0,0.0508,71.3,0.000740478,126.416
1250,0,0.0508,71.3,0.000740478,126.416
1600,0,0.0508,71.3,0.000740478,126.416
2000,0,0.0508,71.3,0.000740478,126.416
2500,0,0.0508,71.3,0.000740478,126.416
3150,0,0.0508,71.3,0.000740478,126.416
4000,0,0.0508,71.3,0.000740478,126.416
5000,0,0.0508,71.3,0.000740478,126.416
6300,0,0.0508,71.3,0.000740478,126.416
8000,0,0.0508,71.3,0.000740478,126.416
10000,0,0.0508,71.3,0.000740478,126.416
12500,0,0.0508,71.3,0.000740478,126.416
800,0,0.0508,55.5,0.00076193,126.416
1000,0,0.0508,55.5,0.00076193,126.416
1250,0,0.0508,55.5,0.00076193,126.416
1600,0,0.0508,55.5,0.00076193,126.416
2000,0,0.0508,55.5,0.00076193,126.416
2500,0,0.0508,55.5,0.00076193,126.416
3150,0,0.0508,55.5,0.00076193,126.416
4000,0,0.0508,55.5,0.00076193,126.416
5000,0,0.0508,55.5,0.00076193,126.416
6300,0,0.0508,55.5,0.00076193,126.416
8000,0,0.0508,55.5,0.00076193,126.416
10000,0,0.0508,55.5,0.00076193,126.416
12500,0,0.0508,55.5,0.00076193,126.416
800,0,0.0508,39.6,0.000791822,126.416
1000,0,0.0508,39.6,0.000791822,126.416
1250,0,0.0508,39.6,0.000791822,126.416
1600,0,0.0508,39.6,0.000791822,126.416
2000,0,0.0508,39.6,0.000791822,126.416
2500,0,0.0508,39.6,0.000791822,126.416
3150,0,0.0508,39.6,0.000791822,126.416
4000,0,0.0508,39.6,0.000791822,126.416
5000,0,0.0508,39.6,0.000791822,126.416
6300,0,0.0508,39.6,0.000791822,126.416
8000,0,0.0508,39.6,0.000791822,126.416
10000,0,0.0508,39.6,0.000791822,126.416
12500,0,0.0508,39.6,0.000791822,126.416
800,0,0.0508,31.7,0.000812164,126.416
1000,0,0.0508,31.7,0.000812164,126.416
1250,0,0.0508,31.7,0.000812164,126.416
1600,0,0.0508,31.7,0.000812164,126.416
2000,0,0.0508,31.7,0.000812164,126.416
2500,0,0.0508,31.7,0.000812164,126.416
3150,0,0.0508,31.7,0.000812164,126.416
4000,0,0.0508,31.7,0.000812164,126.416
5000,0,0.0508,31.7,0.000812164,126.416
6300,0,0.0508,31.7,0.000812164,126.416
8000,0,0.0508,31.7,0.000812164,126.416
10000,0,0.0508,31.7,0.000812164,126.416
12500,0,0.0508,31.7,0.000812164,126.416
1600,4.2,0.0508,71.3,0.00142788,126.416
2000,4.2,0.0508,71.3,0.00142788,126.416
2500,4.2,0.0508,71.3,0.00142788,126.416
3150,4.2,0.0508,71.3,0.00142788,126.416
4000,4.2,0.0508,71.3,0.00142788,126.416
5000,4.2,0.0508,71.3,0.00142788,126.416
6300,4.2,0.0508,71.3,0.00142788,126.416
8000,4.2,0.0508,71.3,0.00142788,126.416
10000,4.2,0.0508,71.3,0.00142788,126.416
12500,4.2,0.0508,71.3,0.00142788,126.416
1000,4.2,0.0508,39.6,0.00152689,126.416
1250,4.2,0.0508,39.6,0.00152689,126.416
1600,4.2,0.0508,39.6,0.00152689,126.416
2000,4.2,0.0508,39.6,0.00152689,126.416
2500,4.2,0.0508,39.6,0.00152689,126.416
3150,4.2,0.0508,39.6,0.00152689,126.416
4000,4.2,0.0508,39.6,0.00152689,126.416
5000,4.2,0.0508,39.6,0.00152689,126.416
6300,4.2,0.0508,39.6,0.00152689,126.416
8000,4.2,0.0508,39.6,0.00152689,126.416
10000,4.2,0.0508,39.6,0.00152689,126.416
800,8.4,0.0508,71.3,0.00529514,126.416
1000,8.4,0.0508,71.3,0.00529514,126.416
1250,8.4,0.0508,71.3,0.00529514,126.416
1600,8.4,0.0508,71.3,0.00529514,126.416
2000,8.4,0.0508,71.3,0.00529514,126.416
2500,8.4,0.0508,71.3,0.00529514,126.416
3150,8.4,0.0508,71.3,0.00529514,126.416
4000,8.4,0.0508,71.3,0.00529514,126.416
5000,8.4,0.0508,71.3,0.00529514,126.416
400,8.4,0.0508,55.5,0.00544854,126.416
500,8.4,0.0508,55.5,0.00544854,126.416
630,8.4,0.0508,55.5,0.00544854,126.416
800,8.4,0.0508,55.5,0.00544854,126.416
1000,8.4,0.0508,55.5,0.00544854,126.416
1250,8.4,0.0508,55.5,0.00544854,126.416
1600,8.4,0.0508,55.5,0.00544854,126.416
2000,8.4,0.0508,55.5,0.00544854,126.416
2500,8.4,0.0508,55.5,0.00544854,126.416
3150,8.4,0.0508,55.5,0.00544854,126.416
4000,8.4,0.0508,55.5,0.00544854,126.416
5000,8.4,0.0508,55.5,0.00544854,126.416
400,8.4,0.0508,39.6,0.00566229,126.416
500,8.4,0.0508,39.6,0.00566229,126.416
630,8.4,0.0508,39.6,0.00566229,126.416
800,8.4,0.0508,39.6,0.00566229,126.416
1000,8.4,0.0508,39.6,0.00566229,126.416
1250,8.4,0.0508,39.6,0.00566229,126.416
1600,8.4,0.0508,39.6,0.00566229,126.416
2000,8.4,0.0508,39.6,0.00566229,126.416
2500,8.4,0.0508,39.6,0.00566229,126.416
3150,8.4,0.0508,39.6,0.00566229,126.416
4000,8.4,0.0508,39.6,0.00566229,126.416
400,8.4,0.0508,31.7,0.00580776,126.416
500,8.4,0.0508,31.7,0.00580776,126.416
630,8.4,0.0508,31.7,0.00580776,126.416
800,8.4,0.0508,31.7,0.00580776,126.416
1000,8.4,0.0508,31.7,0.00580776,126.416
1250,8.4,0.0508,31.7,0.00580776,126.416
1600,8.4,0.0508,31.7,0.00580776,126.416
2000,8.4,0.0508,31.7,0.00580776,126.416
2500,8.4,0.0508,31.7,0.00580776,126.416
3150,8.4,0.0508,31.7,0.00580776,126.416
4000,8.4,0.0508,31.7,0.00580776,126.416
200,11.2,0.0508,71.3,0.014072,126.416
250,11.2,0.0508,71.3,0.014072,126.416
315,11.2,0.0508,71.3,0.014072,126.416
400,11.2,0.0508,71.3,0.014072,126.416
500,11.2,0.0508,71.3,0.014072,126.416
630,11.2,0.0508,71.3,0.014072,126.416
800,11.2,0.0508,71.3,0.014072,126.416
1000,11.2,0.0508,71.3,0.014072,126.416
1250,11.2,0.0508,71.3,0.014072,126.416
1600,11.2,0.0508,71.3,0.014072,126.416
2000,11.2,0.0508,71.3,0.014072,126.416
2500,11.2,0.0508,71.3,0.014072,126.416
3150,11.2,0.0508,71.3,0.014072,126.416
4000,11.2,0.0508,71.3,0.014072,126.416
200,11.2,0.0508,39.6,0.0150478,126.416
250,11.2,0.0508,39.6,0.0150478,126.416
315,11.2,0.0508,39.6,0.0150478,126.416
400,11.2,0.0508,39.6,0.0150478,126.416
500,11.2,0.0508,39.6,0.0150478,126.416
630,11.2,0.0508,39.6,0.0150478,126.416
800,11.2,0.0508,39.6,0.0150478,126.416
1000,11.2,0.0508,39.6,0.0150478,126.416
1250,11.2,0.0508,39.6,0.0150478,126.416
1600,11.2,0.0508,39.6,0.0150478,126.416
2000,11.2,0.0508,39.6,0.0150478,126.416
2500,11.2,0.0508,39.6,0.0150478,126.416
3150,11.2,0.0508,39.6,0.0150478,126.416
4000,11.2,0.0508,39.6,0.0150478,126.416
200,15.4,0.0508,71.3,0.0264269,126.416
250,15.4,0.0508,71.3,0.0264269,126.416
315,15.4,0.0508,71.3,0.0264269,126.416
400,15.4,0.0508,71.3,0.0264269,126.416
500,15.4,0.0508,71.3,0.0264269,126.416
630,15.4,0.0508,71.3,0.0264269,126.416
800,15.4,0.0508,71.3,0.0264269,126.416
1000,15.4,0.0508,71.3,0.0264269,126.416
1250,15.4,0.0508,71.3,0.0264269,126.416
1600,15.4,0.0508,71.3,0.0264269,126.416
2000,15.4,0.0508,71.3,0.0264269,126.416
2500,15.4,0.0508,71.3,0.0264269,126.416
3150,15.4,0.0508,71.3,0.0264269,126.416
4000,15.4,0.0508,71.3,0.0264269,126.416
5000,15.4,0.0508,71.3,0.0264269,126.416
6300,15.4,0.0508,71.3,0.0264269,126.416
8000,15.4,0.0508,71.3,0.0264269,126.416
200,15.4,0.0508,55.5,0.0271925,126.416
250,15.4,0.0508,55.5,0.0271925,126.416
315,15.4,0.0508,55.5,0.0271925,126.416
400,15.4,0.0508,55.5,0.0271925,126.416
500,15.4,0.0508,55.5,0.0271925,126.416
630,15.4,0.0508,55.5,0.0271925,126.416
800,15.4,0.0508,55.5,0.0271925,126.416
1000,15.4,0.0508,55.5,0.0271925,126.416
1250,15.4,0.0508,55.5,0.0271925,126.416
1600,15.4,0.0508,55.5,0.0271925,126.416
2000,15.4,0.0508,55.5,0.0271925,126.416
2500,15.4,0.0508,55.5,0.0271925,126.416
3150,15.4,0.0508,55.5,0.0271925,126.416
4000,15.4,0.0508,55.5,0.0271925,126.416
5000,15.4,0.0508,55.5,0.0271925,126.416
6300,15.4,0.0508,55.5,0.0271925,126.416
200,15.4,0.0508,39.6,0.0282593,126.416
250,15.4,0.0508,39.6,0.0282593,126.416
315,15.4,0.0508,39.6,0.0282593,126.416
400,15.4,0.0508,39.6,0.0282593,126.416
500,15.4,0.0508,39.6,0.0282593,126.416
630,15.4,0.0508,39.6,0.0282593,126.416
800,15.4,0.0508,39.6,0.0282593,126.416
1000,15.4,0.0508,39.6,0.0282593,126.416
1250,15.4,0.0508,39.6,0.0282593,126.416
1600,15.4,0.0508,39.6,0.0282593,126.416
2000,15.4,0.0508,39.6,0.0282593,126.416
2500,15.4,0.0508,39.6,0.0282593,126.416
3150,15.4,0.0508,39.6,0.0282593,126.416
4000,15.4,0.0508,39.6,0.0282593,126.416
5000,15.4,0.0508,39.6,0.0282593,126.416
6300,15.4,0.0508,39.6,0.0282593,126.416
200,15.4,0.0508,31.7,0.0289853,126.416
250,15.4,0.0508,31.7,0.0289853,126.416
315,15.4,0.0508,31.7,0.0289853,126.416
400,15.4,0.0508,31.7,0.0289853,126.416
500,15.4,0.0508,31.7,0.0289853,126.416
630,15.4,0.0508,31.7,0.0289853,126.416
800,15.4,0.0508,31.7,0.0289853,126.416
1000,15.4,0.0508,31.7,0.0289853,126.416
1250,15.4,0.0508,31.7,0.0289853,126.416
1600,15.4,0.0508,31.7,0.0289853,126.416
2000,15.4,0.0508,31.7,0.0289853,126.416
2500,15.4,0.0508,31.7,0.0289853,126.416
3150,15.4,0.0508,31.7,0.0289853,126.416
4000,15.4,0.0508,31.7,0.0289853,126.416
5000,15.4,0.0508,31.7,0.0289853,126.416
6300,15.4,0.0508,31.7,0.0289853,126.416
200,19.7,0.0508,71.3,0.0341183,126.416
250,19.7,0.0508,71.3,0.0341183,126.416
315,19.7,0.0508,71.3,0.0341183,126.416
400,19.7,0.0508,71.3,0.0341183,126.416
500,19.7,0.0508,71.3,0.0341183,126.416
630,19.7,0.0508,71.3,0.0341183,126.416
800,19.7,0.0508,71.3,0.0341183,126.416
1000,19.7,0.0508,71.3,0.0341183,126.416
1250,19.7,0.0508,71.3,0.0341183,126.416
1600,19.7,0.0508,71.3,0.0341183,126.416
2000,19.7,0.0508,71.3,0.0341183,126.416
2500,19.7,0.0508,71.3,0.0341183,126.416
3150,19.7,0.0508,71.3,0.0341183,126.416
4000,19.7,0.0508,71.3,0.0341183,126.416
200,19.7,0.0508,39.6,0.036484,126.416
250,19.7,0.0508,39.6,0.036484,126.416
315,19.7,0.0508,39.6,0.036484,126.416
400,19.7,0.0508,39.6,0.036484,126.416
500,19.7,0.0508,39.6,0.036484,126.416
630,19.7,0.0508,39.6,0.036484,126.416
800,19.7,0.0508,39.6,0.036484,126.416
1000,19.7,0.0508,39.6,0.036484,126.416
1250,19.7,0.0508,39.6,0.036484,126.416
1600,19.7,0.0508,39.6,0.036484,126.416
2000,19.7,0.0508,39.6,0.036484,126.416
2500,19.7,0.0508,39.6,0.036484,126.416
3150,19.7,0.0508,39.6,0.036484,126.416
4000,19.7,0.0508,39.6,0.036484,126.416
2500,0,0.0254,71.3,0.000400682,126.416
3150,0,0.0254,71.3,0.000400682,126.416
4000,0,0.0254,71.3,0.000400682,126.416
5000,0,0.0254,71.3,0.000400682,126.416
6300,0,0.0254,71.3,0.000400682,126.416
8000,0,0.0254,71.3,0.000400682,126.416
10000,0,0.0254,71.3,0.000400682,126.416
12500,0,0.0254,71.3,0.000400682,126.416
16000,0,0.0254,71.3,0.000400682,126.416
20000,0,0.0254,71.3,0.000400682,126.416
2000,0,0.0254,55.5,0.00041229,126.416
2500,0,0.0254,55.5,0.00041229,126.416
3150,0,0.0254,55.5,0.00041229,126.416
4000,0,0.0254,55.5,0.00041229,126.416
5000,0,0.0254,55.5,0.00041229,126.416
6300,0,0.0254,55.5,0.00041229,126.416
8000,0,0.0254,55.5,0.00041229,126.416
10000,0,0.0254,55.5,0.00041229,126.416
12500,0,0.0254,55.5,0.00041229,126.416
16000,0,0.0254,55.5,0.00041229,126.416
20000,0,0.0254,55.5,0.00041229,126.416
1600,0,0.0254,39.6,0.000428464,126.416
2000,0,0.0254,39.6,0.000428464,126.416
2500,0,0.0254,39.6,0.000428464,126.416
3150,0,0.0254,39.6,0.000428464,126.416
4000,0,0.0254,39.6,0.000428464,126.416
5000,0,0.0254,39.6,0.000428464,126.416
6300,0,0.0254,39.6,0.000428464,126.416
8000,0,0.0254,39.6,0.000428464,126.416
10000,0,0.0254,39.6,0.000428464,126.416
12500,0,0.0254,39.6,0.000428464,126.416
16000,0,0.0254,39.6,0.000428464,126.416
1000,0,0.0254,31.7,0.000439472,126.416
1250,0,0.0254,31.7,0.000439472,126.416
1600,0,0.0254,31.7,0.000439472,126.416
2000,0,0.0254,31.7,0.000439472,126.416
2500,0,0.0254,31.7,0.000439472,126.416
3150,0,0.0254,31.7,0.000439472,126.416
4000,0,0.0254,31.7,0.000439472,126.416
5000,0,0.0254,31.7,0.000439472,126.416
6300,0,0.0254,31.7,0.000439472,126.416
8000,0,0.0254,31.7,0.000439472,126.416
10000,0,0.0254,31.7,0.000439472,126.416
12500,0,0.0254,31.7,0.000439472,126.416
16000,0,0.0254,31.7,0.000439472,126.416
2000,4.8,0.0254,71.3,0.000848633,126.416
2500,4.8,0.0254,71.3,0.000848633,126.416
3150,4.8,0.0254,71.3,0.000848633,126.416
4000,4.8,0.0254,71.3,0.000848633,126.416
5000,4.8,0.0254,71.3,0.000848633,126.416
6300,4.8,0.0254,71.3,0.000848633,126.416
8000,4.8,0.0254,71.3,0.000848633,126.416
10000,4.8,0.0254,71.3,0.000848633,126.416
12500,4.8,0.0254,71.3,0.000848633,126.416
16000,4.8,0.0254,71.3,0.000848633,126.416
20000,4.8,0.0254,71.3,0.000848633,126.416
1600,4.8,0.0254,55.5,0.000873218,126.416
2000,4.8,0.0254,55.5,0.000873218,126.416
2500,4.8,0.0254,55.5,0.000873218,126.416
3150,4.8,0.0254,55.5,0.000873218,126.416
4000,4.8,0.0254,55.5,0.000873218,126.416
5000,4.8,0.0254,55.5,0.000873218,126.416
6300,4.8,0.0254,55.5,0.000873218,126.416
8000,4.8,0.0254,55.5,0.000873218,126.416
10000,4.8,0.0254,55.5,0.000873218,126.416
12500,4.8,0.0254,55.5,0.000873218,126.416
16000,4.8,0.0254,55.5,0.000873218,126.416
20000,4.8,0.0254,55.5,0.000873218,126.416
500,4.8,0.0254,39.6,0.000907475,126.416
630,4.8,0.0254,39.6,0.000907475,126.416
800,4.8,0.0254,39.6,0.000907475,126.416
1000,4.8,0.0254,39.6,0.000907475,126.416
1250,4.8,0.0254,39.6,0.000907475,126.416
1600,4.8,0.0254,39.6,0.000907475,126.416
2000,4.8,0.0254,39.6,0.000907475,126.416
2500,4.8,0.0254,39.6,0.000907475,126.416
3150,4.8,0.0254,39.6,0.000907475,126.416
4000,4.8,0.0254,39.6,0.000907475,126.416
5000,4.8,0.0254,39.6,0.000907475,126.416
6300,4.8,0.0254,39.6,0.000907475,126.416
8000,4.8,0.0254,39.6,0.000907475,126.416
10000,4.8,0.0254,39.6,0.000907475,126.416
500,4.8,0.0254,31.7,0.000930789,126.416
630,4.8,0.0254,31.7,0.000930789,126.416
800,4.8,0.0254,31.7,0.000930789,126.416
1000,4.8,0.0254,31.7,0.000930789,126.416
1250,4.8,0.0254,31.7,0.000930789,126.416
1600,4.8,0.0254,31.7,0.000930789,126.416
2000,4.8,0.0254,31.7,0.000930789,126.416
2500,4.8,0.0254,31.7,0.000930789,126.416
3150,4.8,0.0254,31.7,0.000930789,126.416
4000,4.8,0.0254,31.7,0.000930789,126.416
5000,4.8,0.0254,31.7,0.000930789,126.416
6300,4.8,0.0254,31.7,0.000930789,126.416
8000,4.8,0.0254,31.7,0.000930789,126.416
630,9.5,0.0254,71.3,0.00420654,126.416
800,9.5,0.0254,71.3,0.00420654,126.416
1000,9.5,0.0254,71.3,0.00420654,126.416
1250,9.5,0.0254,71.3,0.00420654,126.416
1600,9.5,0.0254,71.3,0.00420654,126.416
2000,9.5,0.0254,71.3,0.00420654,126.416
2500,9.5,0.0254,71.3,0.00420654,126.416
3150,9.5,0.0254,71.3,0.00420654,126.416
4000,9.5,0.0254,71.3,0.00420654,126.416
5000,9.5,0.0254,71.3,0.00420654,126.416
6300,9.5,0.0254,71.3,0.00420654,126.416
400,9.5,0.0254,55.5,0.0043284,126.416
500,9.5,0.0254,55.5,0.0043284,126.416
630,9.5,0.0254,55.5,0.0043284,126.416
800,9.5,0.0254,55.5,0.0043284,126.416
1000,9.5,0.0254,55.5,0.0043284,126.416
1250,9.5,0.0254,55.5,0.0043284,126.416
1600,9.5,0.0254,55.5,0.0043284,126.416
2000,9.5,0.0254,55.5,0.0043284,126.416
2500,9.5,0.0254,55.5,0.0043284,126.416
3150,9.5,0.0254,55.5,0.0043284,126.416
4000,9.5,0.0254,55.5,0.0043284,126.416
5000,9.5,0.0254,55.5,0.0043284,126.416
6300,9.5,0.0254,55.5,0.0043284,126.416
200,9.5,0.0254,39.6,0.00449821,126.416
250,9.5,0.0254,39.6,0.00449821,126.416
315,9.5,0.0254,39.6,0.00449821,126.416
400,9.5,0.0254,39.6,0.00449821,126.416
500,9.5,0.0254,39.6,0.00449821,126.416
630,9.5,0.0254,39.6,0.00449821,126.416
800,9.5,0.0254,39.6,0.00449821,126.416
1000,9.5,0.0254,39.6,0.00449821,126.416
1250,9.5,0.0254,39.6,0.00449821,126.416
1600,9.5,0.0254,39.6,0.00449821,126.416
2000,9.5,0.0254,39.6,0.00449821,126.416
2500,9.5,0.0254,39.6,0.00449821,126.416
3150,9.5,0.0254,39.6,0.00449821,126.416
4000,9.5,0.0254,39.6,0.00449821,126.416
5000,9.5,0.0254,39.6,0.00449821,126.416
6300,9.5,0.0254,39.6,0.00449821,126.416
200,9.5,0.0254,31.7,0.00461377,126.416
250,9.5,0.0254,31.7,0.00461377,126.416
315,9.5,0.0254,31.7,0.00461377,126.416
400,9.5,0.0254,31.7,0.00461377,126.416
500,9.5,0.0254,31.7,0.00461377,126.416
630,9.5,0.0254,31.7,0.00461377,126.416
800,9.5,0.0254,31.7,0.00461377,126.416
1000,9.5,0.0254,31.7,0.00461377,126.416
1250,9.5,0.0254,31.7,0.00461377,126.416
1600,9.5,0.0254,31.7,0.00461377,126.416
2000,9.5,0.0254,31.7,0.00461377,126.416
2500,9.5,0.0254,31.7,0.00461377,126.416
3150,9.5,0.0254,31.7,0.00461377,126.416
4000,9.5,0.0254,31.7,0.00461377,126.416
5000,9.5,0.0254,31.7,0.00461377,126.416
6300,9.5,0.0254,31.7,0.00461377,126.416
250,12.7,0.0254,71.3,0.0121808,126.416
315,12.7,0.0254,71.3,0.0121808,126.416
400,12.7,0.0254,71.3,0.0121808,126.416
500,12.7,0.0254,71.3,0.0121808,126.416
630,12.7,0.0254,71.3,0.0121808,126.416
800,12.7,0.0254,71.3,0.0121808,126.416
1000,12.7,0.0254,71.3,0.0121808,126.416
1250,12.7,0.0254,71.3,0.0121808,126.416
1600,12.7,0.0254,71.3,0.0121808,126.416
2000,12.7,0.0254,71.3,0.0121808,126.416
2500,12.7,0.0254,71.3,0.0121808,126.416
3150,12.7,0.0254,71.3,0.0121808,126.416
4000,12.7,0.0254,71.3,0.0121808,126.416
5000,12.7,0.0254,71.3,0.0121808,126.416
6300,12.7,0.0254,71.3,0.0121808,126.416
8000,12.7,0.0254,71.3,0.0121808,126.416
10000,12.7,0.0254,71.3,0.0121808,126.416
250,12.7,0.0254,39.6,0.0130253,126.416
315,12.7,0.0254,39.6,0.0130253,126.416
400,12.7,0.0254,39.6,0.0130253,126.416
500,12.7,0.0254,39.6,0.0130253,126.416
630,12.7,0.0254,39.6,0.0130253,126.416
800,12.7,0.0254,39.6,0.0130253,126.416
1000,12.7,0.0254,39.6,0.0130253,126.416
1250,12.7,0.0254,39.6,0.0130253,126.416
1600,12.7,0.0254,39.6,0.0130253,126.416
2000,12.7,0.0254,39.6,0.0130253,126.416
2500,12.7,0.0254,39.6,0.0130253,126.416
3150,12.7,0.0254,39.6,0.0130253,126.416
4000,12.7,0.0254,39.6,0.0130253,126.416
5000,12.7,0.0254,39.6,0.0130253,126.416
6300,12.7,0.0254,39.6,0.0130253,126.416
8000,12.7,0.0254,39.6,0.0130253,126.416
10000,12.7,0.0254,39.6,0.0130253,126.416
200,17.4,0.0254,71.3,0.016104,126.416
250,17.4,0.0254,71.3,0.016104,126.416
315,17.4,0.0254,71.3,0.016104,126.416
400,17.4,0.0254,71.3,0.016104,126.416
500,17.4,0.0254,71.3,0.016104,126.416
630,17.4,0.0254,71.3,0.016104,126.416
800,17.4,0.0254,71.3,0.016104,126.416
1000,17.4,0.0254,71.3,0.016104,126.416
1250,17.4,0.0254,71.3,0.016104,126.416
1600,17.4,0.0254,71.3,0.016104,126.416
2000,17.4,0.0254,71.3,0.016104,126.416
2500,17.4,0.0254,71.3,0.016104,126.416
3150,17.4,0.0254,71.3,0.016104,126.416
4000,17.4,0.0254,71.3,0.016104,126.416
5000,17.4,0.0254,71.3,0.016104,126.416
6300,17.4,0.0254,71.3,0.016104,126.416
8000,17.4,0.0254,71.3,0.016104,126.416
200,17.4,0.0254,55.5,0.0165706,126.416
250,17.4,0.0254,55.5,0.0165706,126.416
315,17.4,0.0254,55.5,0.0165706,126.416
400,17.4,0.0254,55.5,0.0165706,126.416
500,17.4,0.0254,55.5,0.0165706,126.416
630,17.4,0.0254,55.5,0.0165706,126.416
800,17.4,0.0254,55.5,0.0165706,126.416
1000,17.4,0.0254,55.5,0.0165706,126.416
1250,17.4,0.0254,55.5,0.0165706,126.416
1600,17.4,0.0254,55.5,0.0165706,126.416
2000,17.4,0.0254,55.5,0.0165706,126.416
2500,17.4,0.0254,55.5,0.0165706,126.416
3150,17.4,0.0254,55.5,0.0165706,126.416
4000,17.4,0.0254,55.5,0.0165706,126.416
5000,17.4,0.0254,55.5,0.0165706,126.416
6300,17.4,0.0254,55.5,0.0165706,126.416
200,17.4,0.0254,39.6,0.0172206,126.416
250,17.4,0.0254,39.6,0.0172206,126.416
315,17.4,0.0254,39.6,0.0172206,126.416
400,17.4,0.0254,39.6,0.0172206,126.416
500,17.4,0.0254,39.6,0.0172206,126.416
630,17.4,0.0254,39.6,0.0172206,126.416
800,17.4,0.0254,39.6,0.0172206,126.416
1000,17.4,0.0254,39.6,0.0172206,126.416
1250,17.4,0.0254,39.6,0.0172206,126.416
1600,17.4,0.0254,39.6,0.0172206,126.416
2000,17.4,0.0254,39.6,0.0172206,126.416
2500,17.4,0.0254,39.6,0.0172206,126.416
3150,17.4,0.0254,39.6,0.0172206,126.416
4000,17.4,0.0254,39.6,0.0172206,126.416
5000,17.4,0.0254,39.6,0.0172206,126.416
200,17.4,0.0254,31.7,0.0176631,126.416
250,17.4,0.0254,31.7,0.0176631,126.416
315,17.4,0.0254,31.7,0.0176631,126.416
400,17.4,0.0254,31.7,0.0176631,126.416
500,17.4,0.0254,31.7,0.0176631,126.416
630,17.4,0.0254,31.7,0.0176631,126.416
800,17.4,0.0254,31.7,0.0176631,126.416
1000,17.4,0.0254,31.7,0.0176631,126.416
1250,17.4,0.0254,31.7,0.0176631,126.416
1600,17.4,0.0254,31.7,0.0176631,126.416
2000,17.4,0.0254,31.7,0.0176631,126.416
2500,17.4,0.0254,31.7,0.0176631,126.416
3150,17.4,0.0254,31.7,0.0176631,126.416
4000,17.4,0.0254,31.7,0.0176631,126.416
5000,17.4,0.0254,31.7,0.0176631,126.416
315,22.2,0.0254,71.3,0.0214178,126.416
400,22.2,0.0254,71.3,0.0214178,126.416
500,22.2,0.0254,71.3,0.0214178,126.416
630,22.2,0.0254,71.3,0.0214178,126.416
800,22.2,0.0254,71.3,0.0214178,126.416
1000,22.2,0.0254,71.3,0.0214178,126.416
1250,22.2,0.0254,71.3,0.0214178,126.416
1600,22.2,0.0254,71.3,0.0214178,126.416
2000,22.2,0.0254,71.3,0.0214178,126.416
2500,22.2,0.0254,71.3,0.0214178,126.416
3150,22.2,0.0254,71.3,0.0214178,126.416
4000,22.2,0.0254,71.3,0.0214178,126.416
5000,22.2,0.0254,71.3,0.0214178,126.416
6300,22.2,0.0254,71.3,0.0214178,126.416
8000,22.2,0.0254,71.3,0.0214178,126.416
200,22.2,0.0254,39.6,0.0229028,126.416
250,22.2,0.0254,39.6,0.0229028,126.416
315,22.2,0.0254,39.6,0.0229028,126.416
400,22.2,0.0254,39.6,0.0229028,126.416
500,22.2,0.0254,39.6,0.0229028,126.416
630,22.2,0.0254,39.6,0.0229028,126.416
800,22.2,0.0254,39.6,0.0229028,126.416
1000,22.2,0.0254,39.6,0.0229028,126.416
1250,22.2,0.0254,39.6,0.0229028,126.416
1600,22.2,0.0254,39.6,0.0229028,126.416
2000,22.2,0.0254,39.6,0.0229028,126.416
2500,22.2,0.0254,39.6,0.0229028,126.416
3150,22.2,0.0254,39.6,0.0229028,126.416
4000,22.2,0.0254,39.6,0.0229028,126.416
5000,22.2,0.0254,39.6,0.0229028,126.416
630,0,0.1016,71.3,0.00121072,126.416
800,0,0.1016,71.3,0.00121072,126.416
1000,0,0.1016,71.3,0.00121072,126.416
1250,0,0.1016,71.3,0.00121072,126.416
1600,0,0.1016,71.3,0.00121072,126.416
2000,0,0.1016,71.3,0.00121072,126.416
2500,0,0.1016,71.3,0.00121072,126.416
3150,0,0.1016,71.3,0.00121072,126.416
4000,0,0.1016,71.3,0.00121072,126.416
5000,0,0.1016,71.3,0.00121072,126.416
6300,0,0.1016,71.3,0.00121072,126.416
8000,0,0.1016,71.3,0.00121072,126.416
10000,0,0.1016,71.3,0.00121072,126.416
12500,0,0.1016,71.3,0.00121072,126.416
630,0,0.1016,55.5,0.00131983,126.416
800,0,0.1016,55.5,0.00131983,126.416
1000,0,0.1016,55.5,0.00131983,126.416
1250,0,0.1016,55.5,0.00131983,126.416
1600,0,0.1016,55.5,0.00131983,126.416
2000,0,0.1016,55.5,0.00131983,126.416
2500,0,0.1016,55.5,0.00131983,126.416
3150,0,0.1016,55.5,0.00131983,126.416
4000,0,0.1016,55.5,0.00131983,126.416
5000,0,0.1016,55.5,0.00131983,126.416
6300,0,0.1016,55.5,0.00131983,126.416
8000,0,0.1016,55.5,0.00131983,126.416
10000,0,0.1016,55.5,0.00131983,126.416
12500,0,0.1016,55.5,0.00131983,126.416
630,0,0.1016,39.6,0.00146332,126.416
800,0,0.1016,39.6,0.00146332,126.416
1000,0,0.1016,39.6,0.00146332,126.416
1250,0,0.1016,39.6,0.00146332,126.416
1600,0,0.1016,39.6,0.00146332,126.416
2000,0,0.1016,39.6,0.00146332,126.416
2500,0,0.1016,39.6,0.00146332,126.416
3150,0,0.1016,39.6,0.00146332,126.416
4000,0,0.1016,39.6,0.00146332,126.416
5000,0,0.1016,39.6,0.00146332,126.416
6300,0,0.1016,39.6,0.00146332,126.416
8000,0,0.1016,39.6,0.00146332,126.416
10000,0,0.1016,39.6,0.00146332,126.416
630,0,0.1016,31.7,0.00150092,126.416
800,0,0.1016,31.7,0.00150092,126.416
1000,0,0.1016,31.7,0.00150092,126.416
1250,0,0.1016,31.7,0.00150092,126.416
1600,0,0.1016,31.7,0.00150092,126.416
2000,0,0.1016,31.7,0.00150092,126.416
2500,0,0.1016,31.7,0.00150092,126.416
3150,0,0.1016,31.7,0.00150092,126.416
4000,0,0.1016,31.7,0.00150092,126.416
5000,0,0.1016,31.7,0.00150092,126.416
6300,0,0.1016,31.7,0.00150092,126.416
8000,0,0.1016,31.7,0.00150092,126.416
10000,0,0.1016,31.7,0.00150092,126.416
800,3.3,0.1016,71.3,0.00202822,126.416
1000,3.3,0.1016,71.3,0.00202822,126.416
1250,3.3,0.1016,71.3,0.00202822,126.416
1600,3.3,0.1016,71.3,0.00202822,126.416
2000,3.3,0.1016,71.3,0.00202822,126.416
2500,3.3,0.1016,71.3,0.00202822,126.416
3150,3.3,0.1016,71.3,0.00202822,126.416
4000,3.3,0.1016,71.3,0.00202822,126.416
5000,3.3,0.1016,71.3,0.00202822,126.416
6300,3.3,0.1016,71.3,0.00202822,126.416
8000,3.3,0.1016,71.3,0.00202822,126.416
10000,3.3,0.1016,71.3,0.00202822,126.416
630,3.3,0.1016,55.5,0.002211,126.416
800,3.3,0.1016,55.5,0.002211,126.416
1000,3.3,0.1016,55.5,0.002211,126.416
1250,3.3,0.1016,55.5,0.002211,126.416
1600,3.3,0.1016,55.5,0.002211,126.416
2000,3.3,0.1016,55.5,0.002211,126.416
2500,3.3,0.1016,55.5,0.002211,126.416
3150,3.3,0.1016,55.5,0.002211,126.416
4000,3.3,0.1016,55.5,0.002211,126.416
5000,3.3,0.1016,55.5,0.002211,126.416
6300,3.3,0.1016,55.5,0.002211,126.416
8000,3.3,0.1016,55.5,0.002211,126.416
10000,3.3,0.1016,55.5,0.002211,126.416
630,3.3,0.1016,39.6,0.00245138,126.416
800,3.3,0.1016,39.6,0.00245138,126.416
1000,3.3,0.1016,39.6,0.00245138,126.416
1250,3.3,0.1016,39.6,0.00245138,126.416
1600,3.3,0.1016,39.6,0.00245138,126.416
2000,3.3,0.1016,39.6,0.00245138,126.416
2500,3.3,0.1016,39.6,0.00245138,126.416
3150,3.3,0.1016,39.6,0.00245138,126.416
4000,3.3,0.1016,39.6,0.00245138,126.416
5000,3.3,0.1016,39.6,0.00245138,126.416
6300,3.3,0.1016,39.6,0.00245138,126.416
8000,3.3,0.1016,39.6,0.00245138,126.416
10000,3.3,0.1016,39.6,0.00245138,126.416
630,3.3,0.1016,31.7,0.00251435,126.416
800,3.3,0.1016,31.7,0.00251435,126.416
1000,3.3,0.1016,31.7,0.00251435,126.416
1250,3.3,0.1016,31.7,0.00251435,126.416
1600,3.3,0.1016,31.7,0.00251435,126.416
2000,3.3,0.1016,31.7,0.00251435,126.416
2500,3.3,0.1016,31.7,0.00251435,126.416
3150,3.3,0.1016,31.7,0.00251435,126.416
4000,3.3,0.1016,31.7,0.00251435,126.416
5000,3.3,0.1016,31.7,0.00251435,126.416
6300,3.3,0.1016,31.7,0.00251435,126.416
8000,3.3,0.1016,31.7,0.00251435,126.416
630,6.7,0.1016,71.3,0.00478288,126.416
800,6.7,0.1016,71.3,0.00478288,126.416
1000,6.7,0.1016,71.3,0.00478288,126.416
1250,6.7,0.1016,71.3,0.00478288,126.416
1600,6.7,0.1016,71.3,0.00478288,126.416
2000,6.7,0.1016,71.3,0.00478288,126.416
2500,6.7,0.1016,71.3,0.00478288,126.416
3150,6.7,0.1016,71.3,0.00478288,126.416
500,6.7,0.1016,55.5,0.0052139,126.416
630,6.7,0.1016,55.5,0.0052139,126.416
800,6.7,0.1016,55.5,0.0052139,126.416
1000,6.7,0.1016,55.5,0.0052139,126.416
1250,6.7,0.1016,55.5,0.0052139,126.416
1600,6.7,0.1016,55.5,0.0052139,126.416
2000,6.7,0.1016,55.5,0.0052139,126.416
2500,6.7,0.1016,55.5,0.0052139,126.416
400,6.7,0.1016,39.6,0.00578076,126.416
500,6.7,0.1016,39.6,0.00578076,126.416
630,6.7,0.1016,39.6,0.00578076,126.416
800,6.7,0.1016,39.6,0.00578076,126.416
1000,6.7,0.1016,39.6,0.00578076,126.416
1250,6.7,0.1016,39.6,0.00578076,126.416
1600,6.7,0.1016,39.6,0.00578076,126.416
2000,6.7,0.1016,39.6,0.00578076,126.416
315,6.7,0.1016,31.7,0.00592927,126.416
400,6.7,0.1016,31.7,0.00592927,126.416
500,6.7,0.1016,31.7,0.00592927,126.416
630,6.7,0.1016,31.7,0.00592927,126.416
800,6.7,0.1016,31.7,0.00592927,126.416
1000,6.7,0.1016,31.7,0.00592927,126.416
1250,6.7,0.1016,31.7,0.00592927,126.416
1600,6.7,0.1016,31.7,0.00592927,126.416
2000,6.7,0.1016,31.7,0.00592927,126.416
200,8.9,0.1016,71.3,0.0103088,126.416
250,8.9,0.1016,71.3,0.0103088,126.416
315,8.9,0.1016,71.3,0.0103088,126.416
400,8.9,0.1016,71.3,0.0103088,126.416
500,8.9,0.1016,71.3,0.0103088,126.416
630,8.9,0.1016,71.3,0.0103088,126.416
800,8.9,0.1016,71.3,0.0103088,126.416
1000,8.9,0.1016,71.3,0.0103088,126.416
1250,8.9,0.1016,71.3,0.0103088,126.416
1600,8.9,0.1016,71.3,0.0103088,126.416
2000,8.9,0.1016,71.3,0.0103088,126.416
2500,8.9,0.1016,71.3,0.0103088,126.416
3150,8.9,0.1016,71.3,0.0103088,126.416
4000,8.9,0.1016,71.3,0.0103088,126.416
5000,8.9,0.1016,71.3,0.0103088,126.416
6300,8.9,0.1016,71.3,0.0103088,126.416
200,8.9,0.1016,39.6,0.0124596,126.416
250,8.9,0.1016,39.6,0.0124596,126.416
315,8.9,0.1016,39.6,0.0124596,126.416
400,8.9,0.1016,39.6,0.0124596,126.416
500,8.9,0.1016,39.6,0.0124596,126.416
630,8.9,0.1016,39.6,0.0124596,126.416
800,8.9,0.1016,39.6,0.0124596,126.416
1000,8.9,0.1016,39.6,0.0124596,126.416
1250,8.9,0.1016,39.6,0.0124596,126.416
1600,8.9,0.1016,39.6,0.0124596,126.416
2000,8.9,0.1016,39.6,0.0124596,126.416
2500,8.9,0.1016,39.6,0.0124596,126.416
3150,8.9,0.1016,39.6,0.0124596,126.416
4000,8.9,0.1016,39.6,0.0124596,126.416
5000,8.9,0.1016,39.6,0.0124596,126.416
6300,8.9,0.1016,39.6,0.0124596,126.416
200,12.3,0.1016,71.3,0.0337792,126.416
250,12.3,0.1016,71.3,0.0337792,126.416
315,12.3,0.1016,71.3,0.0337792,126.416
400,12.3,0.1016,71.3,0.0337792,126.416
500,12.3,0.1016,71.3,0.0337792,126.416
630,12.3,0.1016,71.3,0.0337792,126.416
800,12.3,0.1016,71.3,0.0337792,126.416
1000,12.3,0.1016,71.3,0.0337792,126.416
1250,12.3,0.1016,71.3,0.0337792,126.416
1600,12.3,0.1016,71.3,0.0337792,126.416
2000,12.3,0.1016,71.3,0.0337792,126.416
2500,12.3,0.1016,71.3,0.0337792,126.416
3150,12.3,0.1016,71.3,0.0337792,126.416
4000,12.3,0.1016,71.3,0.0337792,126.416
5000,12.3,0.1016,71.3,0.0337792,126.416
6300,12.3,0.1016,71.3,0.0337792,126.416
200,12.3,0.1016,55.5,0.0368233,126.416
250,12.3,0.1016,55.5,0.0368233,126.416
315,12.3,0.1016,55.5,0.0368233,126.416
400,12.3,0.1016,55.5,0.0368233,126.416
500,12.3,0.1016,55.5,0.0368233,126.416
630,12.3,0.1016,55.5,0.0368233,126.416
800,12.3,0.1016,55.5,0.0368233,126.416
1000,12.3,0.1016,55.5,0.0368233,126.416
1250,12.3,0.1016,55.5,0.0368233,126.416
1600,12.3,0.1016,55.5,0.0368233,126.416
2000,12.3,0.1016,55.5,0.0368233,126.416
2500,12.3,0.1016,55.5,0.0368233,126.416
3150,12.3,0.1016,55.5,0.0368233,126.416
4000,12.3,0.1016,55.5,0.0368233,126.416
5000,12.3,0.1016,55.5,0.0368233,126.416
6300,12.3,0.1016,55.5,0.0368233,126.416
200,12.3,0.1016,39.6,0.0408268,126.416
250,12.3,0.1016,39.6,0.0408268,126.416
315,12.3,0.1016,39.6,0.0408268,126.416
400,12.3,0.1016,39.6,0.0408268,126.416
500,12.3,0.1016,39.6,0.0408268,126.416
630,12.3,0.1016,39.6,0.0408268,126.416
800,12.3,0.1016,39.6,0.0408268,126.416
1000,12.3,0.1016,39.6,0.0408268,126.416
1250,12.3,0.1016,39.6,0.0408268,126.416
1600,12.3,0.1016,39.6,0.0408268,126.416
2000,12.3,0.1016,39.6,0.0408268,126.416
2500,12.3,0.1016,39.6,0.0408268,126.416
3150,12.3,0.1016,39.6,0.0408268,126.416
4000,12.3,0.1016,39.6,0.0408268,126.416
5000,12.3,0.1016,39.6,0.0408268,126.416
6300,12.3,0.1016,39.6,0.0408268,126.416
200,12.3,0.1016,31.7,0.0418756,126.416
250,12.3,0.1016,31.7,0.0418756,126.416
315,12.3,0.1016,31.7,0.0418756,126.416
400,12.3,0.1016,31.7,0.0418756,126.416
500,12.3,0.1016,31.7,0.0418756,126.416
630,12.3,0.1016,31.7,0.0418756,126.416
800,12.3,0.1016,31.7,0.0418756,126.416
1000,12.3,0.1016,31.7,0.0418756,126.416
1250,12.3,0.1016,31.7,0.0418756,126.416
1600,12.3,0.1016,31.7,0.0418756,126.416
2000,12.3,0.1016,31.7,0.0418756,126.416
2500,12.3,0.1016,31.7,0.0418756,126.416
3150,12.3,0.1016,31.7,0.0418756,126.416
4000,12.3,0.1016,31.7,0.0418756,126.416
5000,12.3,0.1016,31.7,0.0418756,126.416
6300,12.3,0.1016,31.7,0.0418756,126.416
200,15.6,0.1016,71.3,0.0437259,126.416
250,15.6,0.1016,71.3,0.0437259,126.416
315,15.6,0.1016,71.3,0.0437259,126.416
400,15.6,0.1016,71.3,0.0437259,126.416
500,15.6,0.1016,71.3,0.0437259,126.416
630,15.6,0.1016,71.3,0.0437259,126.416
800,15.6,0.1016,71.3,0.0437259,126.416
1000,15.6,0.1016,71.3,0.0437259,126.416
1250,15.6,0.1016,71.3,0.0437259,126.416
1600,15.6,0.1016,71.3,0.0437259,126.416
2000,15.6,0.1016,71.3,0.0437259,126.416
2500,15.6,0.1016,71.3,0.0437259,126.416
3150,15.6,0.1016,71.3,0.0437259,126.416
4000,15.6,0.1016,71.3,0.0437259,126.416
200,15.6,0.1016,39.6,0.0528487,126.416
250,15.6,0.1016,39.6,0.0528487,126.416
315,15.6,0.1016,39.6,0.0528487,126.416
400,15.6,0.1016,39.6,0.0528487,126.416
500,15.6,0.1016,39.6,0.0528487,126.416
630,15.6,0.1016,39.6,0.0528487,126.416
800,15.6,0.1016,39.6,0.0528487,126.416
1000,15.6,0.1016,39.6,0.0528487,126.416
1250,15.6,0.1016,39.6,0.0528487,126.416
1600,15.6,0.1016,39.6,0.0528487,126.416
2000,15.6,0.1016,39.6,0.0528487,126.416
2500,15.6,0.1016,39.6,0.0528487,126.416
3150,15.6,0.1016,39.6,0.0528487,126.416
4000,15.6,0.1016,39.6,0.0528487,126.416
5000,15.6,0.1016,39.6,0.0528487,126.416
6300,15.6,0.1016,39.6,0.0528487,126.416